{"cameraMode":{"drawMode":0,"name":"Shaded","section":"Shading Mode"},"sceneLighting":true,"audioPlay":false,"sceneViewState":{"m_AlwaysRefresh":false,"showFog":true,"showSkybox":true,"showFlares":true,"showImageEffects":false,"showParticleSystems":true,"showVisualEffectGraphs":true,"m_FxEnabled":true},"in2DMode":false,"pivot":{"x":-15.729503631591797,"y":2.589060068130493,"z":48.27153015136719},"rotation":{"x":-0.021066710352897645,"y":-0.2687743008136749,"z":-0.005983090028166771,"w":0.963118314743042},"size":16.949161529541017,"orthographic":false}