{"cameraMode":{"drawMode":0,"name":"Shaded","section":"Shading Mode"},"sceneLighting":true,"audioPlay":false,"sceneViewState":{"m_AlwaysRefresh":false,"showFog":true,"showSkybox":true,"showFlares":true,"showImageEffects":false,"showParticleSystems":true,"showVisualEffectGraphs":true,"m_FxEnabled":true},"in2DMode":false,"pivot":{"x":-12.949715614318848,"y":-4.48813533782959,"z":47.599308013916019},"rotation":{"x":0.0752970352768898,"y":-0.21142612397670747,"z":0.016282934695482255,"w":0.9745094180107117},"size":16.949161529541017,"orthographic":false}