{"cameraMode":{"drawMode":0,"name":"Shaded","section":"Shading Mode"},"sceneLighting":true,"audioPlay":false,"sceneViewState":{"m_AlwaysRefresh":false,"showFog":true,"showSkybox":true,"showFlares":true,"showImageEffects":false,"showParticleSystems":true,"showVisualEffectGraphs":true,"m_FxEnabled":true},"in2DMode":false,"pivot":{"x":-4.160876274108887,"y":0.7923799157142639,"z":39.18565368652344},"rotation":{"x":-0.0410885214805603,"y":-0.012261994183063507,"z":0.0006215618341229856,"w":-0.9991326332092285},"size":3.651495933532715,"orthographic":false}