{"cameraMode":{"drawMode":0,"name":"Shaded","section":"Shading Mode"},"sceneLighting":true,"audioPlay":false,"sceneViewState":{"m_AlwaysRefresh":false,"showFog":true,"showSkybox":true,"showFlares":true,"showImageEffects":false,"showParticleSystems":true,"showVisualEffectGraphs":true,"m_FxEnabled":true},"in2DMode":false,"pivot":{"x":-17.507266998291017,"y":-0.4761080741882324,"z":-28.369853973388673},"rotation":{"x":0.0004223304567858577,"y":-0.9996352791786194,"z":0.01259680837392807,"w":0.02965126931667328},"size":16.949161529541017,"orthographic":false}