{"cameraMode":{"drawMode":0,"name":"Shaded","section":"Shading Mode"},"sceneLighting":true,"audioPlay":false,"sceneViewState":{"m_AlwaysRefresh":false,"showFog":true,"showSkybox":true,"showFlares":true,"showImageEffects":true,"showParticleSystems":true,"showVisualEffectGraphs":true,"m_FxEnabled":true},"in2DMode":false,"pivot":{"x":-4.0414862632751469,"y":-1.6396207809448243,"z":66.78557586669922},"rotation":{"x":-0.07405021786689758,"y":0.09451385587453842,"z":-0.006609946023672819,"w":-0.9929059147834778},"size":13.471385955810547,"orthographic":false}