{"cameraMode":{"drawMode":0,"name":"Shaded","section":"Shading Mode"},"sceneLighting":true,"audioPlay":false,"sceneViewState":{"m_AlwaysRefresh":false,"showFog":true,"showSkybox":true,"showFlares":true,"showImageEffects":true,"showParticleSystems":true,"showVisualEffectGraphs":true,"m_FxEnabled":true},"in2DMode":false,"pivot":{"x":-8.734420776367188,"y":3.2677783966064455,"z":37.01712417602539},"rotation":{"x":-0.036248184740543368,"y":-0.13101090490818025,"z":-0.00505121098831296,"w":0.9908645749092102},"size":13.471385955810547,"orthographic":false}