{"cameraMode":{"drawMode":0,"name":"Shaded","section":"Shading Mode"},"sceneLighting":false,"audioPlay":false,"sceneViewState":{"m_AlwaysRefresh":false,"showFog":false,"showSkybox":false,"showFlares":false,"showImageEffects":false,"showParticleSystems":false,"showVisualEffectGraphs":true,"m_FxEnabled":true},"in2DMode":false,"pivot":{"x":0.05829641595482826,"y":-0.09883392602205277,"z":-0.6020803451538086},"rotation":{"x":0.004495751578360796,"y":0.9926853179931641,"z":-0.1184794083237648,"w":0.0332312248647213},"size":1.4520772695541382,"orthographic":false}