{"cameraMode":{"drawMode":0,"name":"Shaded","section":"Shading Mode"},"sceneLighting":false,"audioPlay":false,"sceneViewState":{"m_AlwaysRefresh":false,"showFog":true,"showSkybox":false,"showFlares":true,"showImageEffects":false,"showParticleSystems":true,"showVisualEffectGraphs":true,"m_FxEnabled":true},"in2DMode":false,"pivot":{"x":1.544402837753296,"y":0.5955231785774231,"z":10.74464225769043},"rotation":{"x":0.024683667346835138,"y":-0.053518712520599368,"z":0.03292497619986534,"w":0.9986270070075989},"size":1.2149646282196046,"orthographic":false}